validation_epoch_average,epoch,step
0.09228059649467468,0,1312
0.07321015000343323,1,2625
0.06780751049518585,2,3938
0.0671633630990982,3,5251
0.06709026545286179,4,6564
