,alpha0,alpha1,alpha2,alpha3,alpha4
0,0.33902016313340466,32.92268141921295,-1114.7974157215078,0.0,0.0
1,0.5606734421978529,-4.386389437144388,76.01927034154721,0.0,0.0
2,0.4916421011762738,0.38762975616173706,5.843962516844437,0.0,0.0
3,0.2139860342002536,8.178688844230154,-48.7370066087714,0.0,0.0
4,-0.21558378192661326,18.15104741186827,-105.6626400163242,0.0,0.0
5,0.413965694319886,7.71994697717118,-62.139764889259524,0.0,0.0
6,13.0202811910689,-157.37555924682604,477.9466014050574,0.0,0.0
7,4341.117532936072,-52458.15636998665,158493.2561266007,0.0,0.0
